email,address_id,place,phone,client_name
donna.moore@mockmail.com,3d28d954-542f-4cf9-9588-5c3641ad0536,"6155 Garden Ln, Dallas, CO 32227",+1-495-938-9126,Donna Moore
donna.moore@mockmail.com,ef046485-a35c-409e-b867-3a1e75863e95,"9401 Maple Dr, Boston, CA 24707",+1-552-898-6866,Donna Moore
donna.moore@mockmail.com,d531f138-7d4b-4c87-ad29-aced986122da,"9184 River Rd, Dallas, TX 15811",+1-376-382-9361,Donna Moore
donna.moore@mockmail.com,83692a78-8683-4a88-92af-67791664b294,"9975 Main St, Atlanta, FL 21101",+1-450-616-6966,Donna Moore
daniel.hill@mockmail.com,7cc30cd7-cdbe-4a66-9388-521c2b612a28,"177 Spring St, San Jose, MA 79993",+1-982-819-6775,Daniel Hill
daniel.hill@mockmail.com,4461bf13-191d-4a9b-88a2-1481853737a2,"9254 Cherry Ct, Austin, CO 67315",+1-377-574-3309,Daniel Hill
daniel.hill@mockmail.com,6b74fa26-10dd-4c2b-8998-7159cea38efe,"8351 Valley Rd, Boston, MA 35594",+1-752-523-9496,Daniel Hill
daniel.hill@mockmail.com,ee1f3249-9bfd-416c-a2d7-ba3cc9a4a60f,"5516 Garden Ln, Atlanta, FL 14377",+1-825-925-7031,Daniel Hill
michael.rodriguez@mockmail.com,85e4425e-a1e7-43f0-b6ee-41835bc050fe,"9838 Pine Rd, Miami, CA 84480",+1-460-970-8483,Michael Rodriguez
brian.roberts@mockmail.com,b53693fb-cd65-46cc-bf51-3eaa2055db7a,"241 Sunset Blvd, Miami, TX 11864",+1-816-449-4896,Brian Roberts
dorothy.young@mockmail.com,30ecb9eb-a03d-4f6d-80ad-7000c831fdb2,"310 Spring St, Austin, IL 37958",+1-353-359-5236,Dorothy Young
dorothy.young@mockmail.com,ec7bd560-7839-4bc3-a979-1c2b27102417,"2115 Willow Way, Atlanta, WA 84285",+1-946-720-4824,Dorothy Young
dorothy.young@mockmail.com,22f70745-a402-40f3-b3aa-b6484a674f60,"665 Pine Rd, New York, OR 52376",+1-490-193-6178,Dorothy Young
william.adams@mockmail.com,759c7931-beb4-469c-8fa3-08329f040384,"9424 Hill St, Los Angeles, CO 33384",+1-787-783-3945,William Adams
william.adams@mockmail.com,3c8249ba-c034-4e0e-9a81-2a5bd9b4e39f,"614 Walnut St, Phoenix, CO 17909",+1-382-884-5678,William Adams
william.adams@mockmail.com,32a96db0-f2cd-4af0-9a43-e9d15a25483a,"3153 Cedar Ln, Denver, IL 32061",+1-937-885-3634,William Adams
william.adams@mockmail.com,bcac1bb0-efd4-4c43-969f-1ceb69e14f8e,"5049 Spring St, Seattle, CA 23041",+1-702-153-1312,William Adams
anthony.thomas@mockmail.com,db707aa5-d6ad-495a-9378-d08a50e77268,"3699 Oak Ave, Portland, FL 97916",+1-346-487-1960,Anthony Thomas
sarah.gonzalez@mockmail.com,8df86090-e35a-4652-97fc-215b67dfb33f,"4855 Park Ave, Los Angeles, CA 78112",+1-296-906-8470,Sarah Gonzalez
sarah.gonzalez@mockmail.com,5b33e38e-6a5d-4ffe-8d9c-64a0bd3614e8,"2660 Forest Ave, Austin, AZ 53486",+1-780-144-9689,Sarah Gonzalez
sarah.gonzalez@mockmail.com,a5640864-9900-411f-b92f-1de13f6e13b0,"7198 Hill St, Houston, AZ 24316",+1-744-740-7120,Sarah Gonzalez
sarah.gonzalez@mockmail.com,a9bcacf3-cfe8-416b-87f3-d41e48e5fec3,"1168 Sunset Blvd, Chicago, CO 39257",+1-698-362-3262,Sarah Gonzalez
susan.taylor@mockmail.com,4ae47d18-bf59-4b6d-a001-50c3cfe39bc5,"2690 Willow Way, Los Angeles, FL 31755",+1-425-115-4615,Susan Taylor
susan.taylor@mockmail.com,8c4a4771-3807-4272-a7db-006545208a55,"3699 Maple Dr, San Jose, WA 67816",+1-942-357-7873,Susan Taylor
susan.taylor@mockmail.com,a8af94de-018a-49a3-bdde-bce2d0c1cb75,"347 Broadway, San Jose, IL 81517",+1-859-820-4397,Susan Taylor
susan.rodriguez@mockmail.com,32e4697f-90f6-4ee6-84e0-c6e6af1349a7,"8235 Main St, Portland, CA 10253",+1-354-528-3777,Susan Rodriguez
susan.rodriguez@mockmail.com,0e97ff11-e606-4ac5-a7bd-f2fb7d36b429,"4288 Elm St, New York, TX 43137",+1-361-158-6511,Susan Rodriguez
richard.adams@mockmail.com,83ad141a-1341-4fe6-9ff5-709c902d304a,"9500 River Rd, Atlanta, CA 48163",+1-686-258-1869,Richard Adams
richard.adams@mockmail.com,8f15e2e9-bfd2-49eb-b282-3155bb9bb167,"4260 Park Ave, Miami, AZ 73210",+1-419-437-1735,Richard Adams
richard.adams@mockmail.com,93f770e0-cc6d-486f-ad4e-6f57cb65c13a,"2808 Walnut St, San Antonio, CO 82536",+1-825-953-5764,Richard Adams
linda.king@mockmail.com,5f96cab4-a8cc-485f-8cc0-46d504dc31f5,"8512 Elm St, San Antonio, GA 38156",+1-727-134-7414,Linda King
linda.king@mockmail.com,25b865b5-4de5-458d-a26f-d068dea5047c,"1087 Main St, Los Angeles, FL 45508",+1-258-368-8200,Linda King
linda.king@mockmail.com,727612ab-007e-48b9-bf2d-731edc927085,"4867 Sunset Blvd, Dallas, TX 94996",+1-244-479-3747,Linda King
linda.king@mockmail.com,e2f834a0-f754-41cb-9d45-b79892f5317c,"6923 Pine Rd, Los Angeles, MA 31837",+1-357-299-6849,Linda King
joshua.jackson@mockmail.com,4d549630-c9a2-4dcd-aa0d-515cc31d0d5b,"9490 Broadway, San Antonio, MA 89685",+1-402-884-6787,Joshua Jackson
joshua.jackson@mockmail.com,8b852317-a820-4b9c-b0db-badae891384a,"6497 Spring St, Atlanta, NY 60998",+1-263-467-7957,Joshua Jackson
joshua.jackson@mockmail.com,b4a305c0-d66c-4870-a230-ca59d8252036,"8182 Willow Way, Austin, OR 42770",+1-850-406-8039,Joshua Jackson
joshua.jackson@mockmail.com,2decaf9b-4abf-4bd3-bfe9-3b88669c107f,"4676 Birch Blvd, San Jose, WA 23126",+1-398-485-1448,Joshua Jackson
joshua.jackson@mockmail.com,81094bab-83d8-494d-9f19-adb192b3f13a,"5425 Birch Blvd, Atlanta, NY 42194",+1-851-747-8256,Joshua Jackson
linda.thompson@mockmail.com,ca433af8-4bfd-442d-9a9b-52eefab545e1,"7393 Valley Rd, Miami, OR 81022",+1-245-748-7311,Linda Thompson
linda.thompson@mockmail.com,00972063-259e-4768-a869-c1b709146e73,"2588 Park Ave, Phoenix, OR 38232",+1-821-376-6324,Linda Thompson
linda.thompson@mockmail.com,bb65ac5d-1e1f-4418-86a2-c98f3e245e45,"9856 Oak Ave, Dallas, CO 53327",+1-570-701-5353,Linda Thompson
linda.thompson@mockmail.com,61eadf80-3953-40d0-a2b0-25d120949d93,"2732 Willow Way, Phoenix, OR 49577",+1-313-539-1239,Linda Thompson
barbara.lopez@mockmail.com,f20977ac-a05c-4c48-b847-0be0089532ec,"4552 Cedar Ln, Portland, OR 84976",+1-661-442-8927,Barbara Lopez
barbara.lopez@mockmail.com,286f342f-7a5b-4fd2-b1ea-919788b179e1,"1831 Valley Rd, Chicago, IL 10727",+1-733-969-9744,Barbara Lopez
barbara.lopez@mockmail.com,06effe28-0386-4fc9-92f3-1a0fef3fdb42,"1600 Spring St, Phoenix, MA 69879",+1-758-172-6933,Barbara Lopez
barbara.lopez@mockmail.com,09141a24-ec76-46ae-b110-593ce7420a85,"5679 Cedar Ln, Phoenix, FL 85315",+1-332-839-3522,Barbara Lopez
barbara.lopez@mockmail.com,54a7685d-5032-4a84-80c7-fabf63d4b1ed,"7170 Willow Way, Seattle, FL 51299",+1-341-296-1790,Barbara Lopez
kevin.hall@mockmail.com,8977e411-a729-45b8-bec0-516e33a5e6ad,"9111 Maple Dr, New York, FL 87701",+1-337-268-1950,Kevin Hall
kevin.hall@mockmail.com,00083d72-3db5-45c5-993b-610100e9b718,"3647 River Rd, Houston, TX 86096",+1-642-212-7407,Kevin Hall
kevin.hall@mockmail.com,269bbe4e-0a99-4c6e-871e-9692f1f922ce,"1933 Lake Dr, Seattle, FL 29158",+1-495-240-5113,Kevin Hall
kevin.hall@mockmail.com,4e99e5b6-7fbc-4f1e-b3e1-82d49612253e,"3018 River Rd, New York, NY 76163",+1-851-331-9975,Kevin Hall
kevin.hall@mockmail.com,5adbcf16-7e0f-4ce7-a4bd-604881ae5ccc,"6935 Sunset Blvd, San Antonio, FL 24799",+1-209-980-5361,Kevin Hall
linda.brown@mockmail.com,dbab17dd-08b1-47ec-951c-28e2f5c7ac8a,"9410 Hill St, Houston, GA 28270",+1-528-527-3572,Linda Brown
linda.brown@mockmail.com,e5e64e61-641c-4547-86ef-c0406abc4a81,"1261 Lake Dr, Miami, FL 33115",+1-382-310-2519,Linda Brown
linda.brown@mockmail.com,21ba02aa-be95-4b23-a6e3-2f3b75116b06,"288 Walnut St, Houston, WA 84331",+1-769-351-5535,Linda Brown
jessica.adams@mockmail.com,d53e3c27-dcea-4739-a39d-a81e9ff7c686,"8297 River Rd, San Jose, MA 39022",+1-936-818-7451,Jessica Adams
jessica.adams@mockmail.com,18ad56d4-f5ea-4f34-9d97-dc15eec14a92,"884 Broadway, Boston, NY 68439",+1-229-686-3011,Jessica Adams
jessica.adams@mockmail.com,c99dbe6b-8f78-4422-9f9d-d145932ff32a,"2287 Park Ave, Chicago, IL 94070",+1-357-115-4553,Jessica Adams
jessica.adams@mockmail.com,ab05dc6a-8465-4471-8911-820058c64930,"1093 Elm St, New York, CA 72441",+1-811-460-1085,Jessica Adams
jessica.adams@mockmail.com,a7f5ee7a-be5a-47b6-a43e-02701a3ba172,"9271 Broadway, New York, IL 20893",+1-933-978-8087,Jessica Adams
linda.hernandez@mockmail.com,f79723bb-506f-40a1-b4f6-0fa08d785d56,"6372 Broadway, Los Angeles, AZ 74549",+1-966-930-4008,Linda Hernandez
linda.hernandez@mockmail.com,b1f1dc6e-5abc-4e5e-b796-24b0d90878e7,"557 Main St, Seattle, TX 30731",+1-618-718-2412,Linda Hernandez
richard.harris@mockmail.com,13934beb-57cc-446d-b599-a185d8a0e468,"3592 Broadway, Atlanta, FL 83667",+1-439-893-6039,Richard Harris
richard.harris@mockmail.com,47ab3270-c8ac-4fd2-a42e-1145d0b3fcf2,"4037 Garden Ln, Seattle, NY 76555",+1-311-683-3260,Richard Harris
richard.harris@mockmail.com,7c5bd459-f08d-4122-a8b7-95cf7f81ee84,"9622 Garden Ln, San Antonio, IL 89056",+1-404-449-3287,Richard Harris
richard.harris@mockmail.com,0082c56c-9af5-4fd3-89bb-2070523d30eb,"3398 Broadway, Los Angeles, TX 53219",+1-581-831-5081,Richard Harris
richard.harris@mockmail.com,baabeb8d-2af4-40e7-92bf-f015e54a71de,"5557 Valley Rd, Atlanta, AZ 31889",+1-847-460-8856,Richard Harris
john.miller@mockmail.com,82df577b-a851-4afc-a183-e620b9941197,"1663 Garden Ln, Dallas, AZ 22228",+1-889-227-3190,John Miller
patricia.perez@mockmail.com,f3aff2c1-89c2-4d78-881a-042516ac4670,"553 Cherry Ct, Atlanta, MA 18845",+1-591-140-8503,Patricia Perez
patricia.perez@mockmail.com,e28a9fda-a281-48f9-aa1f-f084a8a52a7f,"9980 Cedar Ln, San Antonio, GA 82228",+1-814-350-6521,Patricia Perez
deborah.johnson@mockmail.com,e456ea14-12bd-465a-9a44-b77e01d9218a,"2700 Lake Dr, San Antonio, OR 95772",+1-621-995-4170,Deborah Johnson
deborah.johnson@mockmail.com,a016455d-4548-43c0-b111-ca203f2c3739,"9401 Broadway, Boston, IL 91938",+1-295-425-5379,Deborah Johnson
joshua.thomas@mockmail.com,4b0587d5-de1c-4099-95fe-623d1c2fc72b,"9704 Broadway, Los Angeles, CA 25638",+1-793-221-9611,Joshua Thomas
joshua.thomas@mockmail.com,092c97a4-4f74-45a8-bf2c-1471de2a21a2,"1037 Park Ave, Miami, MA 55009",+1-340-864-6980,Joshua Thomas
joshua.thomas@mockmail.com,4366439a-ca1c-4577-8d62-3f29b06312fc,"6162 Birch Blvd, Seattle, GA 61462",+1-665-858-1929,Joshua Thomas
joshua.thomas@mockmail.com,eefd4a6f-d942-4290-8f5d-65224fcf66bf,"6236 Willow Way, Portland, GA 54699",+1-955-982-6638,Joshua Thomas
daniel.flores@mockmail.com,705d6348-1247-4168-afa4-80d1e0337660,"3774 Sunset Blvd, Denver, GA 71493",+1-263-885-5688,Daniel Flores
daniel.flores@mockmail.com,6ae70881-3dda-4d65-9b85-592771f6802c,"9294 Broadway, Los Angeles, AZ 58377",+1-689-642-6029,Daniel Flores
daniel.flores@mockmail.com,80f7f1e9-1a71-44b2-98d9-1eaa548abbfd,"4179 Spring St, Denver, TX 55752",+1-671-643-1674,Daniel Flores
thomas.flores@mockmail.com,e2ad946b-7186-4bc8-a619-991f00e60aff,"2850 Valley Rd, Chicago, AZ 87515",+1-791-229-8365,Thomas Flores
thomas.flores@mockmail.com,b979f9d7-de13-443a-9aa8-97804eac714c,"6215 Main St, Denver, OR 40922",+1-484-535-4390,Thomas Flores
thomas.flores@mockmail.com,590f9611-5bb7-4a71-b35d-23c24671af31,"1866 Oak Ave, Dallas, AZ 29601",+1-341-781-4824,Thomas Flores
daniel.lopez@mockmail.com,b3817c53-5d58-47a0-b30d-4a6a363813e8,"9371 Main St, Atlanta, TX 30587",+1-554-613-2404,Daniel Lopez
daniel.lopez@mockmail.com,c13ed0c4-a04e-4087-bcfb-233e2e06ee3a,"6687 Spring St, Los Angeles, AZ 44349",+1-766-979-9024,Daniel Lopez
daniel.lopez@mockmail.com,5328cad6-216b-4b94-b419-e72506c27d78,"5163 Valley Rd, San Jose, AZ 75383",+1-782-668-9989,Daniel Lopez
barbara.martinez@mockmail.com,509ccf58-ba8a-42f5-bb2e-0a569e94aa88,"3804 Elm St, Boston, MA 61740",+1-270-536-7493,Barbara Martinez
barbara.martinez@mockmail.com,a82a6bae-85d6-4ad9-9e38-a255a2db5681,"2091 Main St, Austin, FL 57007",+1-353-751-6453,Barbara Martinez
charles.johnson@mockmail.com,ad30c6a8-5dda-43cf-9ce9-eac6f293231d,"2790 River Rd, Portland, CO 14341",+1-534-817-7522,Charles Johnson
charles.johnson@mockmail.com,b77b9f46-94fb-407f-957d-2b1ab98b2cd4,"937 Maple Dr, Chicago, MA 23805",+1-498-868-7056,Charles Johnson
charles.johnson@mockmail.com,58ca213d-b46d-4cd9-88d3-98c910d56750,"3061 Elm St, Denver, WA 99545",+1-333-407-7891,Charles Johnson
charles.johnson@mockmail.com,7a21d266-f851-42e9-bd16-6a0b85c57c8f,"7947 Elm St, New York, TX 88614",+1-640-327-6446,Charles Johnson
kevin.thomas@mockmail.com,9b5ea1e1-d3f1-4f94-8566-e077b78c8efc,"5878 Birch Blvd, New York, TX 81309",+1-968-775-8029,Kevin Thomas
kevin.thomas@mockmail.com,1b716eec-43f3-4946-aa9d-081c637eb588,"7425 Maple Dr, Boston, CO 86614",+1-649-987-7054,Kevin Thomas
kevin.thomas@mockmail.com,24fc5e59-c219-433d-a839-7e25613e863a,"7883 Valley Rd, Boston, IL 42468",+1-313-670-2767,Kevin Thomas
kevin.thomas@mockmail.com,f0b0af0e-5237-43ea-98cf-74e5a79d5c95,"7835 Elm St, Dallas, AZ 80681",+1-585-190-3120,Kevin Thomas
james.ramirez@mockmail.com,050477a3-c50b-4a0b-bca6-174a2154dabe,"5190 Birch Blvd, Houston, GA 93492",+1-336-448-7671,James Ramirez
james.ramirez@mockmail.com,1aca0ad1-7ef9-4e46-bfe9-78048d32732b,"959 Sunset Blvd, Austin, AZ 91267",+1-786-967-8290,James Ramirez
james.ramirez@mockmail.com,8f46598d-f6c8-4b5f-a699-46c3e963ffa3,"3589 Broadway, Portland, CA 20195",+1-874-745-2859,James Ramirez
melissa.ramirez@mockmail.com,67174281-3950-44ad-b743-4001728bc836,"1455 Pine Rd, Portland, GA 63237",+1-548-182-7993,Melissa Ramirez
jessica.lopez@mockmail.com,70ee5e36-c101-424b-bb71-0f1aabe82d00,"7577 Forest Ave, Boston, MA 43196",+1-266-263-9711,Jessica Lopez
jessica.lopez@mockmail.com,5b6ee5f5-560b-4cdb-8a12-bb496150ef74,"2120 Oak Ave, San Jose, IL 93399",+1-269-824-1721,Jessica Lopez
deborah.flores@mockmail.com,0735351d-a7ed-4dc6-9767-89a35cc25e6f,"3810 Valley Rd, Los Angeles, GA 98902",+1-263-191-5349,Deborah Flores
deborah.flores@mockmail.com,0dbdd231-9b7a-4056-a12f-be7fe7fe4160,"1802 Maple Dr, Dallas, FL 31232",+1-379-339-1477,Deborah Flores
jessica.anderson@mockmail.com,cc3b4c10-4980-4b5d-91de-f1a5190e3f54,"2211 Elm St, Houston, CO 60995",+1-489-291-8114,Jessica Anderson
jessica.anderson@mockmail.com,ca8cabde-b5c3-4e0b-90b3-9a7d7b3ddedc,"5484 Hill St, Miami, MA 83796",+1-448-538-3552,Jessica Anderson
jessica.anderson@mockmail.com,09254667-090c-4a20-b5a8-0b190f644a2e,"4259 Pine Rd, Los Angeles, MA 69758",+1-954-265-5177,Jessica Anderson
jessica.anderson@mockmail.com,10cec10d-2f70-42b5-906c-8e6a5d281e8a,"553 Oak Ave, Miami, CO 13447",+1-587-457-1515,Jessica Anderson
jessica.anderson@mockmail.com,1c160551-38b7-4c30-a164-1f1bc0bd6164,"9060 Garden Ln, Austin, MA 70342",+1-246-169-9560,Jessica Anderson
michael.rivera@mockmail.com,cb7789e7-3ff2-432f-9364-d865fa1f907a,"9221 Willow Way, Portland, IL 43447",+1-637-537-1478,Michael Rivera
michael.rivera@mockmail.com,254b21f7-67c7-4cd7-b3a6-05f326d2dbfa,"8751 Hill St, San Jose, MA 11546",+1-953-736-2077,Michael Rivera
michael.rivera@mockmail.com,dd14b5e5-662a-4502-ad50-7012a487e2f5,"9545 Main St, Boston, MA 62261",+1-405-488-7167,Michael Rivera
thomas.lewis@mockmail.com,6d95cd0e-e7f8-4a89-9208-0089cf9659de,"8593 Maple Dr, Boston, GA 36889",+1-920-525-3661,Thomas Lewis
betty.roberts@mockmail.com,38a6cb88-186a-4d99-804b-84463764822d,"3473 Spring St, Houston, WA 39393",+1-653-866-6368,Betty Roberts
betty.roberts@mockmail.com,c9e651ee-a954-4ad7-b3bc-0d6b2ba87be2,"4493 Pine Rd, Houston, FL 77869",+1-580-265-9865,Betty Roberts
betty.roberts@mockmail.com,991fad06-fcb3-4ae9-b944-f19432d67648,"3603 Forest Ave, Denver, CO 35637",+1-381-165-2490,Betty Roberts
betty.rodriguez@mockmail.com,ec223e8c-5391-410c-8caf-7ee46202a50b,"5083 River Rd, Miami, GA 32687",+1-323-878-7793,Betty Rodriguez
betty.rodriguez@mockmail.com,427e1320-6522-4f69-a51e-82a6871a1ef6,"1293 Birch Blvd, Miami, GA 65639",+1-407-856-6143,Betty Rodriguez
betty.rodriguez@mockmail.com,14fc5ac9-34df-4d62-8e5e-543272340e1d,"8407 Broadway, Miami, MA 95898",+1-715-479-2450,Betty Rodriguez
david.hill@mockmail.com,a7b3d13a-0563-4ba3-a413-f099c8b9179c,"6475 Valley Rd, Seattle, TX 92124",+1-228-386-2092,David Hill
lisa.smith@mockmail.com,c4a58c9b-7d23-40cc-87c1-ca881136f7d5,"8151 Sunset Blvd, Los Angeles, WA 71958",+1-363-206-6754,Lisa Smith
lisa.smith@mockmail.com,260b77b0-e1d0-480e-a4ee-14a0b81d8caa,"9360 Maple Dr, Boston, IL 20959",+1-729-121-4913,Lisa Smith
lisa.smith@mockmail.com,7dbdf758-b5bf-4a03-aa08-9195e4c629a5,"3486 Cherry Ct, San Antonio, CA 83873",+1-906-304-6621,Lisa Smith
joseph.perez@mockmail.com,cc962f85-3530-4578-b955-fca8d0782c21,"7192 Broadway, Dallas, OR 46836",+1-328-905-8998,Joseph Perez
timothy.lee@mockmail.com,64aae558-c999-47b0-acd6-c22c9ca8fcf0,"6252 Cherry Ct, Chicago, FL 57550",+1-820-624-8704,Timothy Lee
timothy.lee@mockmail.com,c215cea0-657d-4c18-932b-35c3955b93d3,"8828 Oak Ave, Austin, TX 62933",+1-264-262-2895,Timothy Lee
anthony.johnson@mockmail.com,58adb140-f60c-48e5-bb58-dd746b34135b,"6488 Park Ave, San Antonio, MA 50871",+1-503-334-3862,Anthony Johnson
anthony.johnson@mockmail.com,415429dd-5f4b-477e-9eb5-b71fc5bcaac9,"9849 Pine Rd, Dallas, MA 97709",+1-857-405-1237,Anthony Johnson
anthony.johnson@mockmail.com,7a633faa-ee84-4831-902d-e60a462c142b,"3033 Garden Ln, San Jose, MA 73108",+1-684-441-3139,Anthony Johnson
james.torres@mockmail.com,b0379271-d571-4644-8191-112124ef4aee,"9240 Pine Rd, San Jose, TX 70654",+1-273-777-2725,James Torres
emily.young@mockmail.com,51bdd17b-de44-45f5-9c98-b3d32c8eec7f,"6828 Hill St, Boston, MA 15191",+1-260-971-6714,Emily Young
emily.young@mockmail.com,bf3cec3e-eae4-4acc-aec6-50b31a3d099b,"2049 Spring St, Denver, GA 37089",+1-311-936-9930,Emily Young
emily.young@mockmail.com,be46d6de-f933-43ea-9406-4cb56931e3f3,"2788 Garden Ln, Dallas, AZ 57597",+1-639-420-4797,Emily Young
emily.young@mockmail.com,8ae725f1-f82d-43f5-8f1a-ce90082dd4bf,"9951 Park Ave, Boston, OR 34288",+1-468-548-5957,Emily Young
emily.young@mockmail.com,b994dea2-a576-4463-902e-f0ba13f83344,"694 Garden Ln, Atlanta, IL 70718",+1-550-360-7399,Emily Young
brian.thompson@mockmail.com,ec7236ee-7bdc-42fb-a779-0cd100958bfa,"9753 Cedar Ln, San Antonio, FL 75169",+1-319-144-3772,Brian Thompson
brian.thompson@mockmail.com,15433a1a-6e0d-412d-b18c-b1552509206c,"977 Park Ave, Dallas, AZ 58557",+1-439-159-9015,Brian Thompson
brian.thompson@mockmail.com,d2e4171b-2ef0-45d4-b5f5-f83e9449fbc6,"7639 River Rd, Phoenix, TX 90541",+1-444-957-2856,Brian Thompson
brian.thompson@mockmail.com,ddc341f5-8396-4254-9243-5f9a860c0726,"5636 Park Ave, Atlanta, IL 85146",+1-604-859-8088,Brian Thompson
nancy.baker@mockmail.com,e9008005-1fa5-4f19-85f9-a925671cf4e2,"3641 Hill St, Dallas, MA 45294",+1-536-553-5555,Nancy Baker
nancy.baker@mockmail.com,779707dd-b2b0-4932-ab52-f805e1ff54ac,"3419 Maple Dr, Denver, WA 41634",+1-969-182-6095,Nancy Baker
deborah.white@mockmail.com,046f691f-1606-4c88-b4d7-c08f69ebb819,"4418 Park Ave, Chicago, CA 78763",+1-336-408-2750,Deborah White
deborah.white@mockmail.com,5343ca6b-6926-46ac-86e5-6eb9cd5cc1f2,"6623 Cedar Ln, Seattle, FL 19813",+1-986-275-8319,Deborah White
deborah.white@mockmail.com,372d53be-3591-4634-9f5f-5e2d65daa3a0,"179 Main St, Boston, OR 34104",+1-754-644-1049,Deborah White
kenneth.nelson@mockmail.com,6c762ed6-916e-40bf-a40c-3c69d761d161,"7824 Walnut St, Seattle, GA 14767",+1-903-967-2122,Kenneth Nelson
kenneth.nelson@mockmail.com,335e3120-ad81-48fa-be62-41d3bfb6d317,"1915 Walnut St, Seattle, TX 87273",+1-400-382-8514,Kenneth Nelson
robert.wright@mockmail.com,005833f7-651f-4a53-9061-394adcd217ac,"7442 Walnut St, Atlanta, NY 96734",+1-327-406-2933,Robert Wright
robert.wright@mockmail.com,5df2f6ba-24c4-4ca3-918b-8e5ad60d98e4,"3827 Elm St, Denver, NY 15900",+1-311-750-9619,Robert Wright
robert.wright@mockmail.com,6ea04051-d838-4744-9143-b7a87148bf1f,"7261 Oak Ave, Phoenix, OR 68937",+1-601-529-8265,Robert Wright
robert.wright@mockmail.com,81732c6d-4634-44fc-885a-b9e6d8dbefe0,"6243 Birch Blvd, San Jose, IL 23020",+1-305-272-9755,Robert Wright
robert.wright@mockmail.com,3444a9ab-a1b7-4441-9904-d19d09e225e5,"8369 Valley Rd, Austin, MA 96198",+1-211-134-7802,Robert Wright
john.harris@mockmail.com,0aae1eea-c12b-4ed0-aca7-03c58c5b8cad,"4346 Birch Blvd, New York, MA 22539",+1-222-987-1238,John Harris
john.harris@mockmail.com,46daf3c3-9539-47f9-a001-a7038bb78613,"599 River Rd, Portland, IL 83123",+1-525-199-6529,John Harris
john.harris@mockmail.com,dee89e89-7e47-443e-8b22-e650acb1039e,"3313 Elm St, San Antonio, OR 72505",+1-966-725-7631,John Harris
john.harris@mockmail.com,0c42732b-4ff4-4973-b0ca-87b26a7363cd,"9993 Garden Ln, Austin, WA 75697",+1-490-431-4835,John Harris
john.harris@mockmail.com,a99760a5-0533-46e8-b723-ba7b75348ad4,"6050 Willow Way, San Jose, FL 36474",+1-244-458-2609,John Harris
andrew.jones@mockmail.com,e625d339-ce04-45b3-9274-3553f71f5f8b,"286 Broadway, Miami, CA 51957",+1-689-504-2097,Andrew Jones
andrew.jones@mockmail.com,88bc15a2-573a-46bf-a564-ae042848bb13,"7779 Maple Dr, San Jose, NY 90877",+1-824-267-4552,Andrew Jones
andrew.jones@mockmail.com,84e63945-71b8-41e0-a91c-e91c8adb2127,"9802 Willow Way, Miami, WA 18990",+1-705-851-3359,Andrew Jones
john.nguyen@mockmail.com,ec89606d-ab85-4476-955a-4de2061cc2ac,"3250 Elm St, Portland, OR 78122",+1-518-758-7906,John Nguyen
melissa.allen@mockmail.com,a4b06e6a-db72-4db3-a990-952d62033443,"4512 Elm St, San Antonio, FL 80245",+1-360-291-9344,Melissa Allen
melissa.allen@mockmail.com,1a50728f-abef-4ce1-96e1-4da3eab12efc,"1671 Elm St, Denver, GA 80006",+1-761-151-3023,Melissa Allen
melissa.allen@mockmail.com,a3ec532e-b714-40b7-a806-2e10263287e5,"4054 Willow Way, Dallas, TX 73600",+1-814-429-6617,Melissa Allen
melissa.allen@mockmail.com,d93ca081-c9de-48f9-b277-4cdf1f181606,"6691 Main St, Houston, CA 66479",+1-391-162-8523,Melissa Allen
melissa.allen@mockmail.com,3ce4f90a-aa63-453b-93a3-b32cf635cb14,"8177 Lake Dr, Phoenix, AZ 52230",+1-565-375-1553,Melissa Allen
michelle.baker@mockmail.com,845b223b-149f-416d-bd07-377bb2c16ba9,"9916 Forest Ave, Seattle, IL 32981",+1-509-890-7105,Michelle Baker
michelle.baker@mockmail.com,f14af74f-520d-473c-85b2-39d029c89cd5,"6775 Elm St, New York, GA 24009",+1-726-366-3569,Michelle Baker
michelle.baker@mockmail.com,b148be0d-5f92-4d94-b348-b1d92483a054,"8388 Birch Blvd, Chicago, IL 66911",+1-737-989-4799,Michelle Baker
donald.martin@mockmail.com,e3d26409-8ae2-46f7-ab57-78f82498f9a7,"2126 Pine Rd, Los Angeles, GA 20171",+1-622-632-6936,Donald Martin
donald.martin@mockmail.com,5fbfe1bf-0a07-4087-8b5d-92629f1dd6d8,"1178 Hill St, Seattle, FL 56849",+1-612-885-6329,Donald Martin
donald.martin@mockmail.com,42f50d75-57c1-4ea4-bf97-22d13b899f7a,"3395 Lake Dr, Miami, WA 63684",+1-635-914-5726,Donald Martin
steven.nelson@mockmail.com,b965d4fd-b84d-4fb9-95ec-73d2cdcc73aa,"3362 Walnut St, San Jose, MA 46981",+1-899-780-5754,Steven Nelson
steven.nelson@mockmail.com,12f63c2c-fbbe-48cc-9a65-6d4b22c2ec8d,"3847 Main St, Miami, GA 36244",+1-590-517-8560,Steven Nelson
steven.nelson@mockmail.com,b4913283-f096-405d-be4e-52ef82333981,"6567 Walnut St, Austin, CO 39909",+1-835-940-6205,Steven Nelson
steven.nelson@mockmail.com,0f2d197d-52c0-4e9e-a9d1-f3005bf9a6db,"9854 Spring St, Los Angeles, CA 32151",+1-356-757-6576,Steven Nelson
joseph.mitchell@mockmail.com,177b7f1d-0d34-4935-8640-d99e8233fb6f,"6576 Willow Way, San Jose, TX 69975",+1-426-733-2114,Joseph Mitchell
joseph.mitchell@mockmail.com,ecf5fc4f-455b-4a9f-8e6d-1a6f1a0bdd96,"1821 River Rd, Phoenix, OR 91127",+1-552-888-6952,Joseph Mitchell
joseph.mitchell@mockmail.com,1c7f024a-846f-4fb3-9012-07e6315f3409,"6951 River Rd, Los Angeles, FL 56196",+1-364-849-5925,Joseph Mitchell
james.anderson@mockmail.com,be5a2916-fa6d-4b71-9e4c-1ecf7965bc21,"8963 Spring St, Portland, IL 31109",+1-840-646-8748,James Anderson
james.anderson@mockmail.com,ef195188-d1d4-48e2-88ed-ae1d8956f8e3,"9167 Park Ave, San Antonio, CO 77530",+1-457-160-9329,James Anderson
james.anderson@mockmail.com,4cfe195a-b4d9-403d-a06c-75f2dfbbb3b4,"1876 Sunset Blvd, Chicago, CO 90018",+1-996-249-3356,James Anderson
james.anderson@mockmail.com,5fa5ba5c-8c39-476b-bcfe-b168eea13f6e,"8716 Walnut St, Boston, GA 71324",+1-739-372-5352,James Anderson
james.anderson@mockmail.com,ceb54a53-f6c2-4fb1-badb-d376444a2da1,"528 Sunset Blvd, Los Angeles, FL 26347",+1-969-438-8880,James Anderson
lisa.green@mockmail.com,b8ff5011-2e5c-4b31-80f7-bc462c551f1c,"6714 Birch Blvd, Portland, CA 50750",+1-445-958-6842,Lisa Green
lisa.green@mockmail.com,6918d1b0-ae76-42eb-b03f-1c6bda1e937a,"3660 Forest Ave, Atlanta, MA 53093",+1-239-443-9971,Lisa Green
lisa.green@mockmail.com,b9e2c944-241c-4590-acdc-abc7aa405ed0,"2592 Pine Rd, Dallas, IL 95600",+1-478-337-6733,Lisa Green
lisa.green@mockmail.com,402734a4-2f39-47fe-8354-887025e6b034,"2203 Forest Ave, Atlanta, FL 66744",+1-502-354-8133,Lisa Green
lisa.green@mockmail.com,98968f57-a4e5-4feb-8d49-d2871dc9cad4,"2235 Broadway, Chicago, CO 13341",+1-933-851-5926,Lisa Green
jessica.ramirez@mockmail.com,f091dbc8-b3ed-485c-9783-dd0be3d58a3a,"6013 Sunset Blvd, Portland, IL 85641",+1-777-623-3734,Jessica Ramirez
jessica.ramirez@mockmail.com,fc3258a9-2553-473b-9a7b-9cc4d97cf6d7,"9676 Broadway, Austin, TX 14289",+1-765-876-8680,Jessica Ramirez
jessica.ramirez@mockmail.com,a871a78e-fe10-4c47-802c-6e96f80f4fd1,"7935 Lake Dr, Boston, MA 66427",+1-919-278-9059,Jessica Ramirez
jessica.ramirez@mockmail.com,13ef087b-2735-49fc-afb5-61ef642c2fe5,"9023 Cedar Ln, Denver, CO 34258",+1-975-552-7404,Jessica Ramirez
jessica.ramirez@mockmail.com,51cf34dc-9d2c-425d-92e3-a9b1cb484288,"3090 Spring St, Denver, IL 30157",+1-651-417-2789,Jessica Ramirez
margaret.garcia@mockmail.com,f031c164-c08c-477a-b237-c8329150aebd,"4367 Forest Ave, Miami, IL 83347",+1-262-202-8098,Margaret Garcia
joseph.martin@mockmail.com,9141f4c5-45ec-4026-bc99-9d36945a6bc5,"3716 Lake Dr, New York, FL 89749",+1-311-286-4384,Joseph Martin
joseph.martin@mockmail.com,8e202844-89f5-4c67-a9c9-f23d630db7e9,"820 Birch Blvd, Dallas, MA 31082",+1-354-726-6566,Joseph Martin
steven.hall@mockmail.com,61c3d4f1-3b2a-4dcb-916a-9c571b90a39e,"1868 Broadway, San Antonio, OR 32031",+1-233-422-1588,Steven Hall
steven.hall@mockmail.com,b2962fe0-41eb-488b-acff-137bf755abd0,"5294 Valley Rd, Miami, NY 73454",+1-688-944-4995,Steven Hall
brian.brown@mockmail.com,dd91f4b9-14d2-43c3-b936-06527fe756a8,"7265 Garden Ln, San Jose, CO 26306",+1-380-559-1217,Brian Brown
brian.brown@mockmail.com,1f889e89-c36f-4aa8-8eda-d5871698078c,"1354 Elm St, New York, TX 68273",+1-489-146-9033,Brian Brown
brian.brown@mockmail.com,3b4602da-8888-4390-b419-1db04c8dc327,"6526 Cherry Ct, Phoenix, TX 17591",+1-439-192-8950,Brian Brown
donald.lewis@mockmail.com,aaa2dbef-09ac-43b0-9377-f2c934cacf64,"9696 Cedar Ln, Houston, AZ 38755",+1-597-406-7247,Donald Lewis
donald.lewis@mockmail.com,2335d5d1-92b8-4725-8198-03736af3c982,"5071 River Rd, Boston, GA 22335",+1-481-203-5866,Donald Lewis
donald.lewis@mockmail.com,d3b78d1b-c9c0-4a7b-b0c5-2d786657d3b1,"1392 Walnut St, New York, NY 54711",+1-894-591-8240,Donald Lewis
donald.lewis@mockmail.com,cbe00fe6-117e-4317-8e08-c4c6ad3c4a20,"8868 Garden Ln, San Antonio, WA 25568",+1-584-108-1752,Donald Lewis
donald.lewis@mockmail.com,2c75db70-185d-43a1-91c9-36e2d03de022,"2867 Birch Blvd, San Antonio, AZ 19959",+1-933-698-4672,Donald Lewis
nancy.miller@mockmail.com,5a8522e3-b146-46c2-a774-46f99389af88,"9768 Oak Ave, New York, WA 54349",+1-992-882-2105,Nancy Miller
richard.taylor@mockmail.com,c7c23e96-fe4b-4839-bd26-7da1c45bd4a3,"4373 Valley Rd, San Jose, TX 72047",+1-907-825-8697,Richard Taylor
richard.taylor@mockmail.com,86cdb1f7-7e95-4e50-beeb-b5dc6ff8b43e,"4750 Sunset Blvd, New York, TX 20104",+1-804-455-3662,Richard Taylor
linda.scott@mockmail.com,de6d2072-91ed-4526-a822-eaad183115df,"2601 Maple Dr, Chicago, MA 95814",+1-914-310-1476,Linda Scott
linda.scott@mockmail.com,7fd1f7d8-ef93-4f0c-9c3a-f42b9ddab3d2,"7963 Garden Ln, Dallas, AZ 77400",+1-309-866-7551,Linda Scott
melissa.king@mockmail.com,1afa7c1a-33cf-4c90-a458-76e409c97bcc,"9660 Birch Blvd, Denver, TX 81780",+1-936-191-9806,Melissa King
deborah.baker@mockmail.com,cf7ca066-1e95-46b2-8b2f-a73b2e25d788,"7462 Spring St, Denver, OR 70939",+1-736-967-9705,Deborah Baker
deborah.baker@mockmail.com,f730e7b5-e063-4d6a-b513-99a282b1d933,"439 Sunset Blvd, Miami, MA 75795",+1-646-175-3574,Deborah Baker
deborah.baker@mockmail.com,e124c89a-4f18-4ab2-a0aa-0d09aabc445c,"1402 Main St, Denver, MA 25890",+1-867-905-3385,Deborah Baker
deborah.baker@mockmail.com,b4da6498-be77-4528-a97d-abaf3e535385,"2934 Broadway, Los Angeles, CA 42046",+1-376-392-4205,Deborah Baker
deborah.baker@mockmail.com,327cd947-fb9e-498f-bed7-f7d00d10d09b,"6080 Maple Dr, Los Angeles, MA 78712",+1-726-638-6449,Deborah Baker
karen.ramirez@mockmail.com,192ffdee-6149-4eb8-97ea-320c2cecc382,"5693 Garden Ln, Miami, MA 37818",+1-911-715-4720,Karen Ramirez
stephanie.johnson@mockmail.com,a275ae54-79e7-4ebb-b967-d4f863ac69a1,"2673 Willow Way, Los Angeles, TX 44370",+1-389-189-3311,Stephanie Johnson
stephanie.johnson@mockmail.com,b960ca5d-280b-421f-9608-337b89b7e11f,"5226 Spring St, Houston, FL 39204",+1-575-109-9100,Stephanie Johnson
stephanie.johnson@mockmail.com,c3ff789b-9c0a-447e-9f57-23e72b828740,"2635 Garden Ln, Atlanta, AZ 20444",+1-284-315-7309,Stephanie Johnson
stephanie.johnson@mockmail.com,3079f52e-99b9-428e-827f-c3a4e272fea8,"8932 Oak Ave, Seattle, AZ 20259",+1-270-198-7788,Stephanie Johnson
stephanie.johnson@mockmail.com,d3d54e04-3c42-4d05-a598-e988b25d3b8a,"6820 Sunset Blvd, Chicago, IL 84761",+1-754-831-2455,Stephanie Johnson
kevin.rodriguez@mockmail.com,6d613c29-2b25-4a3b-9e7b-dc38ee207734,"1772 Oak Ave, San Antonio, CA 92827",+1-399-483-1655,Kevin Rodriguez
kevin.rodriguez@mockmail.com,e7e89c24-6828-42a0-9354-999b551d35a2,"7101 Valley Rd, Chicago, GA 72824",+1-604-732-8073,Kevin Rodriguez
kevin.rodriguez@mockmail.com,9f981c95-706c-4007-8b97-f3cccba8a53c,"2124 Sunset Blvd, Seattle, FL 32683",+1-308-824-9403,Kevin Rodriguez
kevin.rodriguez@mockmail.com,4e16850e-433f-4b46-bd1f-dac3de201107,"5353 Pine Rd, Houston, TX 77796",+1-742-837-2807,Kevin Rodriguez
susan.baker@mockmail.com,38ebf681-18a2-4fa5-b7ba-f0d14a5a9c98,"396 River Rd, Portland, AZ 31667",+1-651-554-2582,Susan Baker
susan.baker@mockmail.com,379eefb7-7b9d-402d-8a73-9ce1411bf0d0,"6221 Maple Dr, New York, IL 34788",+1-630-298-2252,Susan Baker
steven.carter@mockmail.com,76ca2a97-30d8-48e3-abe4-a8061bd490b1,"2834 Birch Blvd, Seattle, MA 12409",+1-612-453-4218,Steven Carter
steven.carter@mockmail.com,c7f7125b-8505-4d07-a767-6f82cc14187f,"5864 Pine Rd, Phoenix, AZ 40318",+1-269-569-8738,Steven Carter
steven.carter@mockmail.com,2f79b07a-40ae-49cb-ad4b-54c7ef05dcb0,"7777 Willow Way, Houston, WA 20383",+1-405-483-5184,Steven Carter
steven.carter@mockmail.com,a7fd069b-5a4d-46ae-8b3a-c409aab9d25b,"7862 River Rd, Chicago, GA 86849",+1-400-404-1288,Steven Carter
steven.carter@mockmail.com,6e249d8b-728d-4536-bd4b-e64fdd8fe1fb,"1342 Cherry Ct, Seattle, WA 47154",+1-776-765-3788,Steven Carter
barbara.moore@mockmail.com,141b26dd-2c4d-4c84-9266-4da952bdfa74,"2084 Cherry Ct, Seattle, TX 75323",+1-409-521-2438,Barbara Moore
barbara.moore@mockmail.com,9e0e9935-4c9e-47ce-9b42-e878d0117736,"6179 Spring St, Austin, IL 33380",+1-222-545-7804,Barbara Moore
barbara.moore@mockmail.com,504be668-4217-4a89-a2fb-7567bda1c95a,"4213 Forest Ave, Chicago, CA 45170",+1-269-394-4164,Barbara Moore
paul.allen@mockmail.com,f3175140-6d69-4f3f-8bc7-94ef3663049c,"2974 Forest Ave, Denver, MA 87698",+1-587-607-6687,Paul Allen
paul.allen@mockmail.com,336e252c-2d64-430f-a979-a25ac7a35a41,"9117 Main St, Dallas, CO 38865",+1-793-822-1291,Paul Allen
paul.allen@mockmail.com,e3b9ff95-a4d8-49ea-80ae-b2ed12e55dbc,"8965 Garden Ln, Seattle, NY 48488",+1-324-226-5954,Paul Allen
joshua.walker@mockmail.com,1c6945df-38c6-48af-b3fd-9de6dd4ada9e,"5806 Hill St, Atlanta, AZ 11498",+1-767-536-4392,Joshua Walker
joshua.walker@mockmail.com,493c1f3e-355d-4d91-9f38-1dc1d252706e,"9010 Elm St, Denver, TX 40652",+1-450-107-4574,Joshua Walker
joshua.walker@mockmail.com,d6f7501c-851d-4e71-95ea-cdf0d32e0abf,"6370 Spring St, Los Angeles, IL 77641",+1-468-354-6242,Joshua Walker
michelle.jones@mockmail.com,4525599e-32d7-4ee2-8f72-5ecf06f5ee43,"2968 Hill St, Austin, CA 31484",+1-220-809-9984,Michelle Jones
michelle.jones@mockmail.com,9c75fc00-48d7-46ca-9744-b80fd9abb774,"2300 Maple Dr, Denver, GA 65175",+1-978-941-3945,Michelle Jones
patricia.carter@mockmail.com,3f329a4b-d6ee-41a0-a3b4-9c18beac533f,"1779 Valley Rd, New York, WA 60597",+1-399-754-9998,Patricia Carter
patricia.carter@mockmail.com,2e39eb5c-9c56-4ba8-94c6-984df0f2e212,"5116 Cedar Ln, Seattle, CA 69630",+1-733-130-9128,Patricia Carter
james.taylor@mockmail.com,7f093fe6-dcfd-46f2-864c-7e73c5a9a9d6,"3373 Hill St, Portland, WA 13068",+1-221-928-8032,James Taylor
james.taylor@mockmail.com,bee84ec0-4d35-43ba-a073-06c80ecfe146,"9602 Oak Ave, San Antonio, MA 50601",+1-616-335-6650,James Taylor
emily.green@mockmail.com,8753dee2-2b6a-4ca1-8174-4316fb963deb,"9110 Broadway, Miami, CA 92340",+1-764-701-1993,Emily Green
charles.rivera@mockmail.com,860abc92-16ea-4252-b9b9-f05181b987f1,"1761 Hill St, Chicago, IL 43461",+1-633-269-5295,Charles Rivera
charles.rivera@mockmail.com,7b1efd6c-7751-407d-a345-690510e9fc09,"5567 Oak Ave, San Antonio, NY 58741",+1-698-711-3509,Charles Rivera
charles.rivera@mockmail.com,8451b8c8-ce37-4d18-a012-cd7f12e3fea4,"6312 Walnut St, Denver, IL 78462",+1-740-219-3065,Charles Rivera
emily.williams@mockmail.com,dd1a211f-b02c-4bfa-ac6b-95bf29f57693,"4880 Cedar Ln, New York, NY 36443",+1-693-540-5657,Emily Williams
emily.williams@mockmail.com,1518e655-8740-423e-981e-a5b1ab99f3f4,"9960 Lake Dr, New York, WA 59377",+1-886-197-9838,Emily Williams
emily.williams@mockmail.com,8c8d7b2c-4b66-4326-a476-d8c6e17cbc7e,"5773 Lake Dr, Los Angeles, WA 87853",+1-880-915-1726,Emily Williams
emily.williams@mockmail.com,90b8cc5f-a0d7-4577-aad1-18c5a4c170c6,"2849 Main St, Denver, IL 73450",+1-383-401-7752,Emily Williams
joseph.robinson@mockmail.com,dfc6899c-6d9e-4bce-a2a3-9c13382362d0,"7826 Elm St, Boston, NY 36204",+1-917-878-6040,Joseph Robinson
michelle.davis@mockmail.com,30a1ef75-7a5b-4759-b9d7-6e577c124945,"2616 Main St, Houston, FL 30510",+1-454-615-8249,Michelle Davis
michelle.davis@mockmail.com,ff69de58-3d0a-4482-b2fe-aef1d6a4cdaa,"8283 River Rd, Denver, CO 10136",+1-731-739-3193,Michelle Davis
matthew.young@mockmail.com,e19f59b8-f873-4d9b-97e9-2ba3b1be9145,"9294 Oak Ave, Miami, CA 38904",+1-431-405-3509,Matthew Young
matthew.young@mockmail.com,a0cdd577-7932-4d76-ac58-cdcff7c452a8,"1743 Birch Blvd, Miami, AZ 75942",+1-744-250-2869,Matthew Young
matthew.young@mockmail.com,5404f36d-fb02-4829-8a05-9315d2d250ff,"1592 Hill St, Phoenix, CA 56491",+1-990-361-1717,Matthew Young
matthew.young@mockmail.com,441ea65f-eead-42fd-9e4a-fb6db71f2260,"9741 Cedar Ln, Denver, IL 96786",+1-586-856-4215,Matthew Young
steven.wilson@mockmail.com,19b25072-c957-4c32-bc1e-396f7d0ddbf7,"3693 Valley Rd, Denver, WA 94827",+1-844-718-1652,Steven Wilson
steven.wilson@mockmail.com,45b06ee5-1e68-4e5a-afe8-2bc4dff75802,"9514 Lake Dr, Miami, CO 86002",+1-845-594-8314,Steven Wilson
steven.wilson@mockmail.com,8f75275e-a9cc-4a79-9102-15b89fc538eb,"2283 Sunset Blvd, Atlanta, AZ 95343",+1-623-923-1714,Steven Wilson
steven.wilson@mockmail.com,067b809e-8336-4ba8-8161-efb204f40463,"254 Sunset Blvd, Boston, CO 93616",+1-957-495-3712,Steven Wilson
brian.sanchez@mockmail.com,e7b3bfd0-7c8f-4b45-b9a8-f2d50ad53c71,"7803 Cedar Ln, Austin, MA 49299",+1-998-134-4366,Brian Sanchez
brian.sanchez@mockmail.com,513fd91e-41de-4fad-8df8-db031f19c1a2,"9421 Sunset Blvd, Portland, TX 56304",+1-735-525-9053,Brian Sanchez
matthew.taylor@mockmail.com,59e5fdb1-75cf-42fc-840a-affe44e8ad04,"4283 Main St, Boston, TX 70409",+1-451-255-4472,Matthew Taylor
matthew.taylor@mockmail.com,3e2889bd-3554-45ec-af4c-decedb24c4ec,"1341 Forest Ave, Denver, MA 71666",+1-683-606-1098,Matthew Taylor
carol.wright@mockmail.com,8dbd5d6a-cf37-4557-8871-5811a6ef752a,"8093 Sunset Blvd, Atlanta, GA 32353",+1-347-418-5281,Carol Wright
carol.wright@mockmail.com,f658b048-18d6-4a65-a5d5-bbac74e994b3,"1333 Garden Ln, Seattle, CA 50911",+1-308-786-7218,Carol Wright
carol.wright@mockmail.com,83876131-5af8-4b55-97cd-784233d5f1d7,"916 Broadway, San Jose, NY 12924",+1-874-718-7812,Carol Wright
barbara.perez@mockmail.com,61859f0c-c47c-404b-82c0-8ab57f238031,"3390 Valley Rd, San Antonio, FL 25609",+1-921-663-5670,Barbara Perez
barbara.perez@mockmail.com,cf214ce8-055e-46e3-b08a-b925edd59d65,"3353 Pine Rd, Dallas, AZ 75967",+1-578-994-5212,Barbara Perez
barbara.perez@mockmail.com,5a1c098f-b32b-463c-9f38-09a5706205c1,"4986 Spring St, Seattle, MA 69140",+1-307-664-3226,Barbara Perez
barbara.perez@mockmail.com,f64ab328-61f0-49c3-a62d-352faba1b2b6,"6613 Cherry Ct, Portland, IL 86340",+1-291-571-6217,Barbara Perez
andrew.johnson@mockmail.com,d18adc7d-b433-4d7b-8986-114ed0360020,"997 River Rd, Phoenix, AZ 93982",+1-204-573-7182,Andrew Johnson
andrew.johnson@mockmail.com,1bbf028f-9a71-4444-8e37-2e12da9bbf62,"7670 Garden Ln, Portland, MA 53086",+1-481-122-6492,Andrew Johnson
andrew.johnson@mockmail.com,60cc6ed3-ddcc-4a44-a828-9094772be9ec,"1756 Maple Dr, Denver, TX 56337",+1-641-956-3562,Andrew Johnson
andrew.johnson@mockmail.com,6018bf1b-6c4b-4804-ad4c-46375ec9cd1b,"8786 Cherry Ct, Denver, WA 57577",+1-502-653-8700,Andrew Johnson
steven.green@mockmail.com,0eb7d11b-4950-42ca-9f62-c5228034d8ae,"2503 Forest Ave, Dallas, AZ 77093",+1-485-308-6447,Steven Green
steven.green@mockmail.com,079265d6-194a-40d5-9561-7f3dd7059922,"1737 Hill St, Houston, NY 15433",+1-825-238-2509,Steven Green
steven.green@mockmail.com,2fa3a1ac-918d-4c0b-9a6b-1d0da91c3402,"3802 Cherry Ct, Boston, IL 87974",+1-202-513-7293,Steven Green
steven.green@mockmail.com,f95152a3-9254-4869-95ef-4f7ae0f8819f,"3626 Oak Ave, New York, CA 15498",+1-445-782-5165,Steven Green
steven.green@mockmail.com,e9520318-3f69-4894-9ed5-2cda52420410,"4409 Sunset Blvd, San Jose, NY 11190",+1-473-883-9851,Steven Green
donna.sanchez@mockmail.com,6ed25067-cec1-4935-a50f-35315f476ee4,"5646 Elm St, Denver, NY 98337",+1-890-481-4659,Donna Sanchez
donna.sanchez@mockmail.com,38571ccb-bc68-4d53-9b88-969d98222c10,"9648 Hill St, Miami, FL 27489",+1-648-620-9103,Donna Sanchez
donna.sanchez@mockmail.com,afd749c2-76ca-47e9-8801-53a27bd12786,"7049 Willow Way, Miami, MA 56284",+1-935-259-7977,Donna Sanchez
donna.sanchez@mockmail.com,ce8cffb9-71a9-4aa9-bef3-6862762f9c16,"1598 Park Ave, Atlanta, TX 66748",+1-482-108-6946,Donna Sanchez
robert.taylor@mockmail.com,e61399d2-cdbd-4bbf-9a53-4a7a8479c74d,"8826 Elm St, San Jose, NY 94367",+1-981-351-3209,Robert Taylor
joshua.nguyen@mockmail.com,f942484e-8373-4cf5-aa43-ea67e9fbd461,"5911 Broadway, Denver, TX 80375",+1-520-526-7531,Joshua Nguyen
joshua.nguyen@mockmail.com,628c8316-27bd-480d-af88-41c0852a26a0,"9232 Maple Dr, Boston, MA 56776",+1-745-321-9279,Joshua Nguyen
joshua.nguyen@mockmail.com,b5c1e6a3-3f10-4fd7-bb94-eb43056cc498,"31 Lake Dr, Atlanta, CO 11392",+1-418-497-3514,Joshua Nguyen
joshua.nguyen@mockmail.com,d6e27694-b4d5-4ce7-b3e3-5716b75dd5e3,"5894 Forest Ave, Los Angeles, NY 20747",+1-634-590-9268,Joshua Nguyen
dorothy.rivera@mockmail.com,520b198b-121d-4271-b52f-f3ed665626d6,"8285 Oak Ave, Houston, GA 16772",+1-618-521-6349,Dorothy Rivera
dorothy.rivera@mockmail.com,6bbe58a6-2069-455c-81ff-aa3578c51dc2,"7739 Spring St, Los Angeles, OR 19082",+1-377-116-5898,Dorothy Rivera
