email,username,password,fullname
melissa.white@mockmail.com,melissa.white,User001!pass,Melissa White
kenneth.jones@mockmail.com,kenneth.jones,User002!pass,Kenneth Jones
betty.baker@mockmail.com,betty.baker,User003!pass,Betty Baker
james.jackson@mockmail.com,james.jackson,User004!pass,James Jackson
jennifer.clark@mockmail.com,jennifer.clark,User005!pass,Jennifer Clark
nancy.clark@mockmail.com,nancy.clark,User006!pass,Nancy Clark
daniel.ramirez@mockmail.com,daniel.ramirez,User007!pass,Daniel Ramirez
kenneth.green@mockmail.com,kenneth.green,User008!pass,Kenneth Green
andrew.king@mockmail.com,andrew.king,User009!pass,Andrew King
joseph.young@mockmail.com,joseph.young,User010!pass,Joseph Young
melissa.thomas@mockmail.com,melissa.thomas,User011!pass,Melissa Thomas
lisa.moore@mockmail.com,lisa.moore,User012!pass,Lisa Moore
mark.carter@mockmail.com,mark.carter,User013!pass,Mark Carter
mary.torres@mockmail.com,mary.torres,User014!pass,Mary Torres
lisa.clark@mockmail.com,lisa.clark,User015!pass,Lisa Clark
carol.jones@mockmail.com,carol.jones,User016!pass,Carol Jones
andrew.scott@mockmail.com,andrew.scott,User017!pass,Andrew Scott
sarah.thompson@mockmail.com,sarah.thompson,User018!pass,Sarah Thompson
matthew.ramirez@mockmail.com,matthew.ramirez,User019!pass,Matthew Ramirez
joseph.rodriguez@mockmail.com,joseph.rodriguez,User020!pass,Joseph Rodriguez
charles.davis@mockmail.com,charles.davis,User021!pass,Charles Davis
amanda.baker@mockmail.com,amanda.baker,User022!pass,Amanda Baker
michael.harris@mockmail.com,michael.harris,User023!pass,Michael Harris
jennifer.ramirez@mockmail.com,jennifer.ramirez,User024!pass,Jennifer Ramirez
karen.brown@mockmail.com,karen.brown,User025!pass,Karen Brown
james.jackson1@mockmail.com,james.jackson1,User026!pass,James Jackson
carol.williams@mockmail.com,carol.williams,User027!pass,Carol Williams
jessica.hill@mockmail.com,jessica.hill,User028!pass,Jessica Hill
andrew.ramirez@mockmail.com,andrew.ramirez,User029!pass,Andrew Ramirez
ashley.gonzalez@mockmail.com,ashley.gonzalez,User030!pass,Ashley Gonzalez
joseph.young1@mockmail.com,joseph.young1,User031!pass,Joseph Young
matthew.wright@mockmail.com,matthew.wright,User032!pass,Matthew Wright
robert.lewis@mockmail.com,robert.lewis,User033!pass,Robert Lewis
kevin.roberts@mockmail.com,kevin.roberts,User034!pass,Kevin Roberts
amanda.nguyen@mockmail.com,amanda.nguyen,User035!pass,Amanda Nguyen
patricia.ramirez@mockmail.com,patricia.ramirez,User036!pass,Patricia Ramirez
michael.ramirez@mockmail.com,michael.ramirez,User037!pass,Michael Ramirez
joshua.torres@mockmail.com,joshua.torres,User038!pass,Joshua Torres
mary.nguyen@mockmail.com,mary.nguyen,User039!pass,Mary Nguyen
carol.lewis@mockmail.com,carol.lewis,User040!pass,Carol Lewis
donna.clark@mockmail.com,donna.clark,User041!pass,Donna Clark
robert.carter@mockmail.com,robert.carter,User042!pass,Robert Carter
andrew.hernandez@mockmail.com,andrew.hernandez,User043!pass,Andrew Hernandez
paul.wright@mockmail.com,paul.wright,User044!pass,Paul Wright
mary.miller@mockmail.com,mary.miller,User045!pass,Mary Miller
sarah.wright@mockmail.com,sarah.wright,User046!pass,Sarah Wright
emily.smith@mockmail.com,emily.smith,User047!pass,Emily Smith
mary.wright@mockmail.com,mary.wright,User048!pass,Mary Wright
thomas.rivera@mockmail.com,thomas.rivera,User049!pass,Thomas Rivera
jessica.nguyen@mockmail.com,jessica.nguyen,User050!pass,Jessica Nguyen
karen.garcia@mockmail.com,karen.garcia,User051!pass,Karen Garcia
matthew.garcia@mockmail.com,matthew.garcia,User052!pass,Matthew Garcia
karen.lee@mockmail.com,karen.lee,User053!pass,Karen Lee
william.davis@mockmail.com,william.davis,User054!pass,William Davis
emily.walker@mockmail.com,emily.walker,User055!pass,Emily Walker
sandra.sanchez@mockmail.com,sandra.sanchez,User056!pass,Sandra Sanchez
sandra.hill@mockmail.com,sandra.hill,User057!pass,Sandra Hill
kenneth.hall@mockmail.com,kenneth.hall,User058!pass,Kenneth Hall
carol.jones1@mockmail.com,carol.jones1,User059!pass,Carol Jones
richard.young@mockmail.com,richard.young,User060!pass,Richard Young
amanda.nguyen1@mockmail.com,amanda.nguyen1,User061!pass,Amanda Nguyen
melissa.roberts@mockmail.com,melissa.roberts,User062!pass,Melissa Roberts
elizabeth.flores@mockmail.com,elizabeth.flores,User063!pass,Elizabeth Flores
kenneth.clark@mockmail.com,kenneth.clark,User064!pass,Kenneth Clark
william.nguyen@mockmail.com,william.nguyen,User065!pass,William Nguyen
joshua.mitchell@mockmail.com,joshua.mitchell,User066!pass,Joshua Mitchell
charles.roberts@mockmail.com,charles.roberts,User067!pass,Charles Roberts
timothy.martin@mockmail.com,timothy.martin,User068!pass,Timothy Martin
timothy.scott@mockmail.com,timothy.scott,User069!pass,Timothy Scott
mary.thomas@mockmail.com,mary.thomas,User070!pass,Mary Thomas
betty.walker@mockmail.com,betty.walker,User071!pass,Betty Walker
donald.thompson@mockmail.com,donald.thompson,User072!pass,Donald Thompson
timothy.allen@mockmail.com,timothy.allen,User073!pass,Timothy Allen
carol.brown@mockmail.com,carol.brown,User074!pass,Carol Brown
dorothy.moore@mockmail.com,dorothy.moore,User075!pass,Dorothy Moore
joshua.garcia@mockmail.com,joshua.garcia,User076!pass,Joshua Garcia
amanda.anderson@mockmail.com,amanda.anderson,User077!pass,Amanda Anderson
emily.lopez@mockmail.com,emily.lopez,User078!pass,Emily Lopez
christopher.sanchez@mockmail.com,christopher.sanchez,User079!pass,Christopher Sanchez
kevin.lopez@mockmail.com,kevin.lopez,User080!pass,Kevin Lopez
elizabeth.hernandez@mockmail.com,elizabeth.hernandez,User081!pass,Elizabeth Hernandez
lisa.rivera@mockmail.com,lisa.rivera,User082!pass,Lisa Rivera
robert.harris@mockmail.com,robert.harris,User083!pass,Robert Harris
sandra.torres@mockmail.com,sandra.torres,User084!pass,Sandra Torres
lisa.lopez@mockmail.com,lisa.lopez,User085!pass,Lisa Lopez
sandra.garcia@mockmail.com,sandra.garcia,User086!pass,Sandra Garcia
jessica.wilson@mockmail.com,jessica.wilson,User087!pass,Jessica Wilson
mary.williams@mockmail.com,mary.williams,User088!pass,Mary Williams
mark.rodriguez@mockmail.com,mark.rodriguez,User089!pass,Mark Rodriguez
stephanie.martin@mockmail.com,stephanie.martin,User090!pass,Stephanie Martin
jessica.nguyen1@mockmail.com,jessica.nguyen1,User091!pass,Jessica Nguyen
jennifer.lewis@mockmail.com,jennifer.lewis,User092!pass,Jennifer Lewis
michelle.williams@mockmail.com,michelle.williams,User093!pass,Michelle Williams
melissa.king@mockmail.com,melissa.king,User094!pass,Melissa King
betty.hall@mockmail.com,betty.hall,User095!pass,Betty Hall
mark.wilson@mockmail.com,mark.wilson,User096!pass,Mark Wilson
john.jones@mockmail.com,john.jones,User097!pass,John Jones
susan.rivera@mockmail.com,susan.rivera,User098!pass,Susan Rivera
linda.lopez@mockmail.com,linda.lopez,User099!pass,Linda Lopez
michael.garcia@mockmail.com,michael.garcia,User100!pass,Michael Garcia
